dataset,model,method,lambda_,shap_type,group,feature,mean_abs_shap,normalised_share,is_sensitive,is_proxy,sample_n,random_state
ibm_hr_attrition,GB,identity_preprocessing,0.0,global,all,Age,0.1807458898473411,0.06599122609823548,False,False,294,42
ibm_hr_attrition,GB,identity_preprocessing,0.0,global,all,BusinessTravel,0.04112229055491996,0.015013953434731324,False,False,294,42
ibm_hr_attrition,GB,identity_preprocessing,0.0,global,all,DailyRate,0.06225237360820153,0.02272865217239731,False,False,294,42
ibm_hr_attrition,GB,identity_preprocessing,0.0,global,all,Department,0.001728272631560268,0.0006310009598835911,False,False,294,42
ibm_hr_attrition,GB,identity_preprocessing,0.0,global,all,DistanceFromHome,0.12219817818635395,0.044615164484786085,False,False,294,42
ibm_hr_attrition,GB,identity_preprocessing,0.0,global,all,Education,0.0017699911114149923,0.0006462325850059827,False,False,294,42
ibm_hr_attrition,GB,identity_preprocessing,0.0,global,all,EducationField,0.0332468223752538,0.012138580712769239,False,False,294,42
ibm_hr_attrition,GB,identity_preprocessing,0.0,global,all,EmployeeCount,0.0,0.0,False,False,294,42
ibm_hr_attrition,GB,identity_preprocessing,0.0,global,all,EmployeeNumber,0.03661228354593198,0.013367327375980419,False,False,294,42
ibm_hr_attrition,GB,identity_preprocessing,0.0,global,all,EnvironmentSatisfaction,0.11436762193985435,0.04175618933368221,False,False,294,42
ibm_hr_attrition,GB,identity_preprocessing,0.0,global,all,HourlyRate,0.035425937673735766,0.012934186579534471,False,False,294,42
ibm_hr_attrition,GB,identity_preprocessing,0.0,global,all,JobInvolvement,0.04004084151573502,0.014619110995332843,False,False,294,42
ibm_hr_attrition,GB,identity_preprocessing,0.0,global,all,JobLevel,0.018284747991255658,0.0066758527115572995,False,False,294,42
ibm_hr_attrition,GB,identity_preprocessing,0.0,global,all,JobRole,0.19196803882556923,0.07008848867585657,False,False,294,42
ibm_hr_attrition,GB,identity_preprocessing,0.0,global,all,JobSatisfaction,0.09045101395373378,0.03302411644146887,False,False,294,42
ibm_hr_attrition,GB,identity_preprocessing,0.0,global,all,MaritalStatus,0.0417065212198988,0.01522725896515696,False,False,294,42
ibm_hr_attrition,GB,identity_preprocessing,0.0,global,all,MonthlyIncome,0.16383338481507606,0.0598163861369263,False,False,294,42
ibm_hr_attrition,GB,identity_preprocessing,0.0,global,all,MonthlyRate,0.025984054169610336,0.009486907807993945,False,False,294,42
ibm_hr_attrition,GB,identity_preprocessing,0.0,global,all,NumCompaniesWorked,0.20278411657085943,0.07403749262050167,False,False,294,42
ibm_hr_attrition,GB,identity_preprocessing,0.0,global,all,Over18,0.0,0.0,False,False,294,42
ibm_hr_attrition,GB,identity_preprocessing,0.0,global,all,OverTime,0.4411331695397314,0.1610599209482157,False,False,294,42
ibm_hr_attrition,GB,identity_preprocessing,0.0,global,all,PercentSalaryHike,0.013817013299250705,0.005044660486627343,False,False,294,42
ibm_hr_attrition,GB,identity_preprocessing,0.0,global,all,PerformanceRating,0.0,0.0,False,False,294,42
ibm_hr_attrition,GB,identity_preprocessing,0.0,global,all,RelationshipSatisfaction,0.12485369770552256,0.04558470790923542,False,False,294,42
ibm_hr_attrition,GB,identity_preprocessing,0.0,global,all,StandardHours,0.0,0.0,False,False,294,42
ibm_hr_attrition,GB,identity_preprocessing,0.0,global,all,StockOptionLevel,0.30545730708561397,0.11152398669906147,False,False,294,42
ibm_hr_attrition,GB,identity_preprocessing,0.0,global,all,TotalWorkingYears,0.09623879957766424,0.035137265847187044,False,False,294,42
ibm_hr_attrition,GB,identity_preprocessing,0.0,global,all,TrainingTimesLastYear,0.054471044297486,0.019887650021134233,False,False,294,42
ibm_hr_attrition,GB,identity_preprocessing,0.0,global,all,WorkLifeBalance,0.08674428402007771,0.031670770850354205,False,False,294,42
ibm_hr_attrition,GB,identity_preprocessing,0.0,global,all,YearsAtCompany,0.04218081885206324,0.015400427396862142,False,False,294,42
ibm_hr_attrition,GB,identity_preprocessing,0.0,global,all,YearsInCurrentRole,0.008946125097813768,0.0032662749041295117,False,False,294,42
ibm_hr_attrition,GB,identity_preprocessing,0.0,global,all,YearsSinceLastPromotion,0.0509434251472654,0.018599698670609528,False,False,294,42
ibm_hr_attrition,GB,identity_preprocessing,0.0,global,all,YearsWithCurrManager,0.10963013214458861,0.040026508174782746,False,False,294,42
ibm_hr_attrition,GB,identity_preprocessing,0.0,demographic,Male,Age,0.1723388358030502,0.06418318997824124,False,False,178,42
ibm_hr_attrition,GB,identity_preprocessing,0.0,demographic,Male,BusinessTravel,0.044889989811014046,0.01671812816151468,False,False,178,42
ibm_hr_attrition,GB,identity_preprocessing,0.0,demographic,Male,DailyRate,0.0656179562517317,0.024437728922004694,False,False,178,42
ibm_hr_attrition,GB,identity_preprocessing,0.0,demographic,Male,Department,0.0018823507281496774,0.0007010333673634644,False,False,178,42
ibm_hr_attrition,GB,identity_preprocessing,0.0,demographic,Male,DistanceFromHome,0.12357637993181546,0.046022860912506236,False,False,178,42
ibm_hr_attrition,GB,identity_preprocessing,0.0,demographic,Male,Education,0.001922534278005412,0.0007159987023813832,False,False,178,42
ibm_hr_attrition,GB,identity_preprocessing,0.0,demographic,Male,EducationField,0.03812561377203196,0.014198909377360831,False,False,178,42
ibm_hr_attrition,GB,identity_preprocessing,0.0,demographic,Male,EmployeeCount,0.0,0.0,False,False,178,42
ibm_hr_attrition,GB,identity_preprocessing,0.0,demographic,Male,EmployeeNumber,0.03675495425388406,0.013688442309164385,False,False,178,42
ibm_hr_attrition,GB,identity_preprocessing,0.0,demographic,Male,EnvironmentSatisfaction,0.11600839309612722,0.0432043578480959,False,False,178,42
ibm_hr_attrition,GB,identity_preprocessing,0.0,demographic,Male,HourlyRate,0.0313719927257294,0.011683696015056026,False,False,178,42
ibm_hr_attrition,GB,identity_preprocessing,0.0,demographic,Male,JobInvolvement,0.03863664026403555,0.014389228119316727,False,False,178,42
ibm_hr_attrition,GB,identity_preprocessing,0.0,demographic,Male,JobLevel,0.01706747124097817,0.006356342979824646,False,False,178,42
ibm_hr_attrition,GB,identity_preprocessing,0.0,demographic,Male,JobRole,0.18703539811833764,0.06965654859015116,False,False,178,42
ibm_hr_attrition,GB,identity_preprocessing,0.0,demographic,Male,JobSatisfaction,0.08805414621355569,0.03279351382676828,False,False,178,42
ibm_hr_attrition,GB,identity_preprocessing,0.0,demographic,Male,MaritalStatus,0.03678536422472899,0.013699767724743982,False,False,178,42
ibm_hr_attrition,GB,identity_preprocessing,0.0,demographic,Male,MonthlyIncome,0.16587664206483987,0.06177651126045212,False,False,178,42
ibm_hr_attrition,GB,identity_preprocessing,0.0,demographic,Male,MonthlyRate,0.026094635051698442,0.009718279174463306,False,False,178,42
ibm_hr_attrition,GB,identity_preprocessing,0.0,demographic,Male,NumCompaniesWorked,0.1891976892017419,0.07046183858034812,False,False,178,42
ibm_hr_attrition,GB,identity_preprocessing,0.0,demographic,Male,Over18,0.0,0.0,False,False,178,42
ibm_hr_attrition,GB,identity_preprocessing,0.0,demographic,Male,OverTime,0.4256395217525272,0.15851854957469014,False,False,178,42
ibm_hr_attrition,GB,identity_preprocessing,0.0,demographic,Male,PercentSalaryHike,0.013396306732470775,0.004989111688090828,False,False,178,42
ibm_hr_attrition,GB,identity_preprocessing,0.0,demographic,Male,PerformanceRating,0.0,0.0,False,False,178,42
ibm_hr_attrition,GB,identity_preprocessing,0.0,demographic,Male,RelationshipSatisfaction,0.11956870314327629,0.04453030423199021,False,False,178,42
ibm_hr_attrition,GB,identity_preprocessing,0.0,demographic,Male,StandardHours,0.0,0.0,False,False,178,42
ibm_hr_attrition,GB,identity_preprocessing,0.0,demographic,Male,StockOptionLevel,0.3011539350552975,0.11215707786513306,False,False,178,42
ibm_hr_attrition,GB,identity_preprocessing,0.0,demographic,Male,TotalWorkingYears,0.08390272242169901,0.031247422252740072,False,False,178,42
ibm_hr_attrition,GB,identity_preprocessing,0.0,demographic,Male,TrainingTimesLastYear,0.056731280028761606,0.021128113734944727,False,False,178,42
ibm_hr_attrition,GB,identity_preprocessing,0.0,demographic,Male,WorkLifeBalance,0.0906950497983431,0.033777050797450484,False,False,178,42
ibm_hr_attrition,GB,identity_preprocessing,0.0,demographic,Male,YearsAtCompany,0.04249936168753904,0.015827799882915463,False,False,178,42
ibm_hr_attrition,GB,identity_preprocessing,0.0,demographic,Male,YearsInCurrentRole,0.009051893984044846,0.0033711463149536177,False,False,178,42
ibm_hr_attrition,GB,identity_preprocessing,0.0,demographic,Male,YearsSinceLastPromotion,0.048728989478332554,0.018147865363961,False,False,178,42
ibm_hr_attrition,GB,identity_preprocessing,0.0,demographic,Male,YearsWithCurrManager,0.11250385538391727,0.04189918244337322,False,False,178,42
ibm_hr_attrition,GB,identity_preprocessing,0.0,demographic,Female,Age,0.1936463693290978,0.06863147547564327,False,False,116,42
ibm_hr_attrition,GB,identity_preprocessing,0.0,demographic,Female,BusinessTravel,0.035340821006775554,0.012525371369568735,False,False,116,42
ibm_hr_attrition,GB,identity_preprocessing,0.0,demographic,Female,DailyRate,0.05708794506899144,0.020232911753169765,False,False,116,42
ibm_hr_attrition,GB,identity_preprocessing,0.0,demographic,Female,Department,0.001491842448862714,0.0005287336333615421,False,False,116,42
ibm_hr_attrition,GB,identity_preprocessing,0.0,demographic,Female,DistanceFromHome,0.12008335137004239,0.04255952545425663,False,False,116,42
ibm_hr_attrition,GB,identity_preprocessing,0.0,demographic,Female,Education,0.0015359162523365941,0.0005443541181282626,False,False,116,42
ibm_hr_attrition,GB,identity_preprocessing,0.0,demographic,Female,EducationField,0.025760401093990817,0.009129912128227568,False,False,116,42
ibm_hr_attrition,GB,identity_preprocessing,0.0,demographic,Female,EmployeeCount,0.0,0.0,False,False,116,42
ibm_hr_attrition,GB,identity_preprocessing,0.0,demographic,Female,EmployeeNumber,0.03639335780441928,0.012898407815668752,False,False,116,42
ibm_hr_attrition,GB,identity_preprocessing,0.0,demographic,Female,EnvironmentSatisfaction,0.11184988688971147,0.03964144949177329,False,False,116,42
ibm_hr_attrition,GB,identity_preprocessing,0.0,demographic,Female,HourlyRate,0.04164664630084897,0.014760260128512592,False,False,116,42
ibm_hr_attrition,GB,identity_preprocessing,0.0,demographic,Female,JobInvolvement,0.04219556412610142,0.01495480568282625,False,False,116,42
ibm_hr_attrition,GB,identity_preprocessing,0.0,demographic,Female,JobLevel,0.020152638177026328,0.007142428219067394,False,False,116,42
ibm_hr_attrition,GB,identity_preprocessing,0.0,demographic,Female,JobRole,0.19953709094528654,0.07071924462688524,False,False,116,42
ibm_hr_attrition,GB,identity_preprocessing,0.0,demographic,Female,JobSatisfaction,0.09412896617573129,0.03336086215310534,False,False,116,42
ibm_hr_attrition,GB,identity_preprocessing,0.0,demographic,Female,MaritalStatus,0.04925795178145259,0.017457832653313774,False,False,116,42
ibm_hr_attrition,GB,identity_preprocessing,0.0,demographic,Female,MonthlyIncome,0.1606980417938866,0.05695404335527498,False,False,116,42
ibm_hr_attrition,GB,identity_preprocessing,0.0,demographic,Female,MonthlyRate,0.025814369712613087,0.009149039499106048,False,False,116,42
ibm_hr_attrition,GB,identity_preprocessing,0.0,demographic,Female,NumCompaniesWorked,0.22363225512002236,0.07925896925414935,False,False,116,42
ibm_hr_attrition,GB,identity_preprocessing,0.0,demographic,Female,Over18,0.0,0.0,False,False,116,42
ibm_hr_attrition,GB,identity_preprocessing,0.0,demographic,Female,OverTime,0.4649079049373376,0.16477104934466283,False,False,116,42
ibm_hr_attrition,GB,identity_preprocessing,0.0,demographic,Female,PercentSalaryHike,0.014462580272413027,0.005125777605433721,False,False,116,42
ibm_hr_attrition,GB,identity_preprocessing,0.0,demographic,Female,PerformanceRating,0.0,0.0,False,False,116,42
ibm_hr_attrition,GB,identity_preprocessing,0.0,demographic,Female,RelationshipSatisfaction,0.1329634307406933,0.047124438571470126,False,False,116,42
ibm_hr_attrition,GB,identity_preprocessing,0.0,demographic,Female,StandardHours,0.0,0.0,False,False,116,42
ibm_hr_attrition,GB,identity_preprocessing,0.0,demographic,Female,StockOptionLevel,0.31206075727006455,0.11059949269223351,False,False,116,42
ibm_hr_attrition,GB,identity_preprocessing,0.0,demographic,Female,TotalWorkingYears,0.11516829728250758,0.04081754900905499,False,False,116,42
ibm_hr_attrition,GB,identity_preprocessing,0.0,demographic,Female,TrainingTimesLastYear,0.05100275153742508,0.01807621853928112,False,False,116,42
ibm_hr_attrition,GB,identity_preprocessing,0.0,demographic,Female,WorkLifeBalance,0.08068190204998092,0.02859500026288108,False,False,116,42
ibm_hr_attrition,GB,identity_preprocessing,0.0,demographic,Female,YearsAtCompany,0.04169202036314358,0.014776341446506788,False,False,116,42
ibm_hr_attrition,GB,identity_preprocessing,0.0,demographic,Female,YearsInCurrentRole,0.008783824565493684,0.0031131326775587905,False,False,116,42
ibm_hr_attrition,GB,identity_preprocessing,0.0,demographic,Female,YearsSinceLastPromotion,0.054341438501317535,0.019259504408657882,False,False,116,42
ibm_hr_attrition,GB,identity_preprocessing,0.0,demographic,Female,YearsWithCurrManager,0.10522045338079117,0.03729186863022029,False,False,116,42
ibm_hr_attrition,GB,di_remover,0.05,global,all,Age,0.1918579560004857,0.06958041733558272,False,False,294,42
ibm_hr_attrition,GB,di_remover,0.05,global,all,BusinessTravel,0.030865554278599792,0.011193896738864546,False,False,294,42
ibm_hr_attrition,GB,di_remover,0.05,global,all,DailyRate,0.05883914767116176,0.02133897668866571,False,False,294,42
ibm_hr_attrition,GB,di_remover,0.05,global,all,Department,0.0,0.0,False,False,294,42
ibm_hr_attrition,GB,di_remover,0.05,global,all,DistanceFromHome,0.11857065686680704,0.04300158284040994,False,False,294,42
ibm_hr_attrition,GB,di_remover,0.05,global,all,Education,0.0017268489698757739,0.0006262699473311041,False,False,294,42
ibm_hr_attrition,GB,di_remover,0.05,global,all,EducationField,0.032415641267395816,0.011756061070411012,False,False,294,42
ibm_hr_attrition,GB,di_remover,0.05,global,all,EmployeeCount,0.0,0.0,False,False,294,42
ibm_hr_attrition,GB,di_remover,0.05,global,all,EmployeeNumber,0.03994117193618319,0.014485317524100256,False,False,294,42
ibm_hr_attrition,GB,di_remover,0.05,global,all,EnvironmentSatisfaction,0.11621878023116755,0.04214863641462196,False,False,294,42
ibm_hr_attrition,GB,di_remover,0.05,global,all,HourlyRate,0.039593198586581835,0.014359119312716924,False,False,294,42
ibm_hr_attrition,GB,di_remover,0.05,global,all,JobInvolvement,0.042246924721795795,0.015321536383302534,False,False,294,42
ibm_hr_attrition,GB,di_remover,0.05,global,all,JobLevel,0.019899351118073803,0.007216824281706434,False,False,294,42
ibm_hr_attrition,GB,di_remover,0.05,global,all,JobRole,0.19104588986416926,0.06928590830480347,False,False,294,42
ibm_hr_attrition,GB,di_remover,0.05,global,all,JobSatisfaction,0.09276499818164825,0.03364273977565631,False,False,294,42
ibm_hr_attrition,GB,di_remover,0.05,global,all,MaritalStatus,0.04220457832126259,0.015306178770393574,False,False,294,42
ibm_hr_attrition,GB,di_remover,0.05,global,all,MonthlyIncome,0.16459335741245285,0.059692465916785876,False,False,294,42
ibm_hr_attrition,GB,di_remover,0.05,global,all,MonthlyRate,0.03724051598454157,0.013505880590066757,False,False,294,42
ibm_hr_attrition,GB,di_remover,0.05,global,all,NumCompaniesWorked,0.2101045891775555,0.07619785649680569,False,False,294,42
ibm_hr_attrition,GB,di_remover,0.05,global,all,Over18,0.0,0.0,False,False,294,42
ibm_hr_attrition,GB,di_remover,0.05,global,all,OverTime,0.44252994822998926,0.16049070428571918,False,False,294,42
ibm_hr_attrition,GB,di_remover,0.05,global,all,PercentSalaryHike,0.01798029732853276,0.006520848121273665,False,False,294,42
ibm_hr_attrition,GB,di_remover,0.05,global,all,PerformanceRating,0.0,0.0,False,False,294,42
ibm_hr_attrition,GB,di_remover,0.05,global,all,RelationshipSatisfaction,0.12777862488343603,0.04634100264225606,False,False,294,42
ibm_hr_attrition,GB,di_remover,0.05,global,all,StandardHours,0.0,0.0,False,False,294,42
ibm_hr_attrition,GB,di_remover,0.05,global,all,StockOptionLevel,0.30313420820481274,0.10993656533862427,False,False,294,42
ibm_hr_attrition,GB,di_remover,0.05,global,all,TotalWorkingYears,0.1049201113350094,0.03805098983524705,False,False,294,42
ibm_hr_attrition,GB,di_remover,0.05,global,all,TrainingTimesLastYear,0.05645628299078223,0.020474791942974954,False,False,294,42
ibm_hr_attrition,GB,di_remover,0.05,global,all,WorkLifeBalance,0.07368036905487148,0.026721387713860217,False,False,294,42
ibm_hr_attrition,GB,di_remover,0.05,global,all,YearsAtCompany,0.040748073803710094,0.014777953648563297,False,False,294,42
ibm_hr_attrition,GB,di_remover,0.05,global,all,YearsInCurrentRole,0.009103991878332657,0.0033017111592314593,False,False,294,42
ibm_hr_attrition,GB,di_remover,0.05,global,all,YearsSinceLastPromotion,0.04397847957810528,0.015949512997111368,False,False,294,42
ibm_hr_attrition,GB,di_remover,0.05,global,all,YearsWithCurrManager,0.10691608963148377,0.038774863922913766,False,False,294,42
ibm_hr_attrition,GB,di_remover,0.05,demographic,Male,Age,0.18326545767485905,0.06789269349985126,False,False,178,42
ibm_hr_attrition,GB,di_remover,0.05,demographic,Male,BusinessTravel,0.033921880120271246,0.012566731555218836,False,False,178,42
ibm_hr_attrition,GB,di_remover,0.05,demographic,Male,DailyRate,0.06235607786902686,0.023100491147249443,False,False,178,42
ibm_hr_attrition,GB,di_remover,0.05,demographic,Male,Department,0.0,0.0,False,False,178,42
ibm_hr_attrition,GB,di_remover,0.05,demographic,Male,DistanceFromHome,0.11977992125695476,0.04437378207824893,False,False,178,42
ibm_hr_attrition,GB,di_remover,0.05,demographic,Male,Education,0.0018761750706156692,0.0006950495780135529,False,False,178,42
ibm_hr_attrition,GB,di_remover,0.05,demographic,Male,EducationField,0.03744281623543304,0.013871100853896716,False,False,178,42
ibm_hr_attrition,GB,di_remover,0.05,demographic,Male,EmployeeCount,0.0,0.0,False,False,178,42
ibm_hr_attrition,GB,di_remover,0.05,demographic,Male,EmployeeNumber,0.03882510959423942,0.014383186549297218,False,False,178,42
ibm_hr_attrition,GB,di_remover,0.05,demographic,Male,EnvironmentSatisfaction,0.11761206351456471,0.043570675463818126,False,False,178,42
ibm_hr_attrition,GB,di_remover,0.05,demographic,Male,HourlyRate,0.034560682958050926,0.012803383054210839,False,False,178,42
ibm_hr_attrition,GB,di_remover,0.05,demographic,Male,JobInvolvement,0.0413340663328694,0.015312657018098821,False,False,178,42
ibm_hr_attrition,GB,di_remover,0.05,demographic,Male,JobLevel,0.0190966863324059,0.0070745763466733965,False,False,178,42
ibm_hr_attrition,GB,di_remover,0.05,demographic,Male,JobRole,0.1855073209614417,0.06872321627766007,False,False,178,42
ibm_hr_attrition,GB,di_remover,0.05,demographic,Male,JobSatisfaction,0.08997813417309414,0.03333338405724237,False,False,178,42
ibm_hr_attrition,GB,di_remover,0.05,demographic,Male,MaritalStatus,0.03715029087644086,0.013762731634781648,False,False,178,42
ibm_hr_attrition,GB,di_remover,0.05,demographic,Male,MonthlyIncome,0.16999341438114224,0.06297591988146586,False,False,178,42
ibm_hr_attrition,GB,di_remover,0.05,demographic,Male,MonthlyRate,0.03581758299686354,0.013269015422567193,False,False,178,42
ibm_hr_attrition,GB,di_remover,0.05,demographic,Male,NumCompaniesWorked,0.19730746323955117,0.07309470806398279,False,False,178,42
ibm_hr_attrition,GB,di_remover,0.05,demographic,Male,Over18,0.0,0.0,False,False,178,42
ibm_hr_attrition,GB,di_remover,0.05,demographic,Male,OverTime,0.42777832779045477,0.1584751609115724,False,False,178,42
ibm_hr_attrition,GB,di_remover,0.05,demographic,Male,PercentSalaryHike,0.01738842257368891,0.006441731350900978,False,False,178,42
ibm_hr_attrition,GB,di_remover,0.05,demographic,Male,PerformanceRating,0.0,0.0,False,False,178,42
ibm_hr_attrition,GB,di_remover,0.05,demographic,Male,RelationshipSatisfaction,0.1214231306887587,0.04498252698700013,False,False,178,42
ibm_hr_attrition,GB,di_remover,0.05,demographic,Male,StandardHours,0.0,0.0,False,False,178,42
ibm_hr_attrition,GB,di_remover,0.05,demographic,Male,StockOptionLevel,0.2980002368286598,0.11039744749818603,False,False,178,42
ibm_hr_attrition,GB,di_remover,0.05,demographic,Male,TotalWorkingYears,0.09016352471186478,0.033402064010279994,False,False,178,42
ibm_hr_attrition,GB,di_remover,0.05,demographic,Male,TrainingTimesLastYear,0.060102503497131685,0.022265629869781395,False,False,178,42
ibm_hr_attrition,GB,di_remover,0.05,demographic,Male,WorkLifeBalance,0.0778820140716985,0.02885224404864104,False,False,178,42
ibm_hr_attrition,GB,di_remover,0.05,demographic,Male,YearsAtCompany,0.0420377220363729,0.015573333970610745,False,False,178,42
ibm_hr_attrition,GB,di_remover,0.05,demographic,Male,YearsInCurrentRole,0.009401009207139526,0.0034827066965449328,False,False,178,42
ibm_hr_attrition,GB,di_remover,0.05,demographic,Male,YearsSinceLastPromotion,0.040766151634279754,0.015102266805700948,False,False,178,42
ibm_hr_attrition,GB,di_remover,0.05,demographic,Male,YearsWithCurrManager,0.1085717309327773,0.04022158536850438,False,False,178,42
ibm_hr_attrition,GB,di_remover,0.05,demographic,Female,Age,0.20504299653463665,0.07203641603001705,False,False,116,42
ibm_hr_attrition,GB,di_remover,0.05,demographic,Female,BusinessTravel,0.026175674969828,0.009196128830835296,False,False,116,42
ibm_hr_attrition,GB,di_remover,0.05,demographic,Female,DailyRate,0.05344247891926524,0.01877559687562059,False,False,116,42
ibm_hr_attrition,GB,di_remover,0.05,demographic,Female,Department,0.0,0.0,False,False,116,42
ibm_hr_attrition,GB,di_remover,0.05,demographic,Female,DistanceFromHome,0.11671506150951154,0.041004739834885985,False,False,116,42
ibm_hr_attrition,GB,di_remover,0.05,demographic,Female,Education,0.0014977106428783584,0.0005261808927219057,False,False,116,42
ibm_hr_attrition,GB,di_remover,0.05,demographic,Female,EducationField,0.024701527954373196,0.008678226393349354,False,False,116,42
ibm_hr_attrition,GB,di_remover,0.05,demographic,Female,EmployeeCount,0.0,0.0,False,False,116,42
ibm_hr_attrition,GB,di_remover,0.05,demographic,Female,EmployeeNumber,0.04165375035744165,0.014633939908560923,False,False,116,42
ibm_hr_attrition,GB,di_remover,0.05,demographic,Female,EnvironmentSatisfaction,0.11408081105492024,0.04007926583732789,False,False,116,42
ibm_hr_attrition,GB,di_remover,0.05,demographic,Female,HourlyRate,0.047315507051051725,0.016623047888519326,False,False,116,42
ibm_hr_attrition,GB,di_remover,0.05,demographic,Female,JobInvolvement,0.043647690180665666,0.015334457756388612,False,False,116,42
ibm_hr_attrition,GB,di_remover,0.05,demographic,Female,JobLevel,0.02113102639263307,0.007423825412656071,False,False,116,42
ibm_hr_attrition,GB,di_remover,0.05,demographic,Female,JobRole,0.19954472835283749,0.07010474540052651,False,False,116,42
ibm_hr_attrition,GB,di_remover,0.05,demographic,Female,JobSatisfaction,0.09704139295339509,0.03409291842719568,False,False,116,42
ibm_hr_attrition,GB,di_remover,0.05,demographic,Female,MaritalStatus,0.049960295262454754,0.01755222404731454,False,False,116,42
ibm_hr_attrition,GB,di_remover,0.05,demographic,Female,MonthlyIncome,0.15630706309842918,0.05491433902199397,False,False,116,42
ibm_hr_attrition,GB,di_remover,0.05,demographic,Female,MonthlyRate,0.03942398212080602,0.013850570005372504,False,False,116,42
ibm_hr_attrition,GB,di_remover,0.05,demographic,Female,NumCompaniesWorked,0.22974155828932039,0.08071360032781343,False,False,116,42
ibm_hr_attrition,GB,di_remover,0.05,demographic,Female,Over18,0.0,0.0,False,False,116,42
ibm_hr_attrition,GB,di_remover,0.05,demographic,Female,OverTime,0.4651660554561723,0.16342375043383822,False,False,116,42
ibm_hr_attrition,GB,di_remover,0.05,demographic,Female,PercentSalaryHike,0.01888851893510352,0.006635979922240962,False,False,116,42
ibm_hr_attrition,GB,di_remover,0.05,demographic,Female,PerformanceRating,0.0,0.0,False,False,116,42
ibm_hr_attrition,GB,di_remover,0.05,demographic,Female,RelationshipSatisfaction,0.13753102114768245,0.048317874903637384,False,False,116,42
ibm_hr_attrition,GB,di_remover,0.05,demographic,Female,StandardHours,0.0,0.0,False,False,116,42
ibm_hr_attrition,GB,di_remover,0.05,demographic,Female,StockOptionLevel,0.3110121987647724,0.10926588334776358,False,False,116,42
ibm_hr_attrition,GB,di_remover,0.05,demographic,Female,TotalWorkingYears,0.1275638390843174,0.04481616996419459,False,False,116,42
ibm_hr_attrition,GB,di_remover,0.05,demographic,Female,TrainingTimesLastYear,0.05086122048965976,0.017868740219901365,False,False,116,42
ibm_hr_attrition,GB,di_remover,0.05,demographic,Female,WorkLifeBalance,0.0672330172187061,0.023620536576102354,False,False,116,42
ibm_hr_attrition,GB,di_remover,0.05,demographic,Female,YearsAtCompany,0.038769130826003285,0.013620505379379602,False,False,116,42
ibm_hr_attrition,GB,di_remover,0.05,demographic,Female,YearsInCurrentRole,0.008648223908266948,0.003038323990116973,False,False,116,42
ibm_hr_attrition,GB,di_remover,0.05,demographic,Female,YearsSinceLastPromotion,0.04890774142294077,0.017182437185248204,False,False,116,42
ibm_hr_attrition,GB,di_remover,0.05,demographic,Female,YearsWithCurrManager,0.10437553660018836,0.03666957518647719,False,False,116,42
oulad,LR,identity_preprocessing,0.0,global,all,code_module,0.04712184029655062,0.07634423710197584,False,False,500,42
oulad,LR,identity_preprocessing,0.0,global,all,code_presentation,0.07779693902989927,0.1260423600124411,False,False,500,42
oulad,LR,identity_preprocessing,0.0,global,all,gender,0.05391213903634643,0.087345508990378,True,False,500,42
oulad,LR,identity_preprocessing,0.0,global,all,region,0.004131697607110288,0.006693951249904474,False,False,500,42
oulad,LR,identity_preprocessing,0.0,global,all,highest_education,0.13012580057807213,0.21082272911875155,False,False,500,42
oulad,LR,identity_preprocessing,0.0,global,all,imd_band,0.1180568836485109,0.1912693277694855,False,False,500,42
oulad,LR,identity_preprocessing,0.0,global,all,age_band,0.08290653299716877,0.13432064564129423,False,False,500,42
oulad,LR,identity_preprocessing,0.0,global,all,num_of_prev_attempts,0.08677745287793093,0.1405920990336035,False,False,500,42
oulad,LR,identity_preprocessing,0.0,global,all,studied_credits,0.006891145464766633,0.01116465825518407,False,False,500,42
oulad,LR,identity_preprocessing,0.0,global,all,disability,0.009508086100256543,0.015404482826981657,False,False,500,42
oulad,LR,di_remover,0.3,global,all,code_module,0.007602278870230916,0.0495276364218395,False,False,500,42
oulad,LR,di_remover,0.3,global,all,code_presentation,0.017337121830473385,0.11294858834805421,False,False,500,42
oulad,LR,di_remover,0.3,global,all,gender,0.014268159153069572,0.09295478513809195,True,False,500,42
oulad,LR,di_remover,0.3,global,all,region,0.0011791276472378808,0.007681828883707199,False,False,500,42
oulad,LR,di_remover,0.3,global,all,highest_education,0.03375998356547563,0.21994091774054667,False,False,500,42
oulad,LR,di_remover,0.3,global,all,imd_band,0.02968661907630223,0.19340359664549925,False,False,500,42
oulad,LR,di_remover,0.3,global,all,age_band,0.021235585094429663,0.13834645580819113,False,False,500,42
oulad,LR,di_remover,0.3,global,all,num_of_prev_attempts,0.021801135811076833,0.14203092868143646,False,False,500,42
oulad,LR,di_remover,0.3,global,all,studied_credits,0.0022290025755183234,0.014521596882733415,False,False,500,42
oulad,LR,di_remover,0.3,global,all,disability,0.004396679275405874,0.028643665449900105,False,False,500,42
acs_income,RF,identity_preprocessing,0.0,global,all,AGEP,0.06653759520269185,0.1176810910839849,False,False,500,42
acs_income,RF,identity_preprocessing,0.0,global,all,COW,0.01847389602297531,0.03267368220827841,False,False,500,42
acs_income,RF,identity_preprocessing,0.0,global,all,SCHL,0.09218475170428797,0.16304169287783277,False,True,500,42
acs_income,RF,identity_preprocessing,0.0,global,all,MAR,0.02371096946996915,0.04193618283595765,False,False,500,42
acs_income,RF,identity_preprocessing,0.0,global,all,OCCP,0.1068487187888366,0.18897698015222936,False,False,500,42
acs_income,RF,identity_preprocessing,0.0,global,all,POBP,0.028178524473544766,0.049837681916243395,False,False,500,42
acs_income,RF,identity_preprocessing,0.0,global,all,RELP,0.06832990573591857,0.12085104422805203,False,False,500,42
acs_income,RF,identity_preprocessing,0.0,global,all,WKHP,0.10942867358819187,0.19353999290931212,False,False,500,42
acs_income,RF,identity_preprocessing,0.0,global,all,SEX,0.03963393980263477,0.07009819434746183,False,False,500,42
acs_income,RF,identity_preprocessing,0.0,global,all,RAC1P,0.012079027057127587,0.021363457440647663,True,False,500,42
acs_income,RF,identity_preprocessing,0.0,demographic,majority,AGEP,0.0691309565447487,0.12093563476941369,False,False,288,42
acs_income,RF,identity_preprocessing,0.0,demographic,majority,COW,0.020048392073400395,0.03507205950395507,False,False,288,42
acs_income,RF,identity_preprocessing,0.0,demographic,majority,SCHL,0.09408249561201722,0.16458511347466906,False,True,288,42
acs_income,RF,identity_preprocessing,0.0,demographic,majority,MAR,0.02392683619226508,0.04185689403939199,False,False,288,42
acs_income,RF,identity_preprocessing,0.0,demographic,majority,OCCP,0.10767288800942201,0.18835974084123353,False,False,288,42
acs_income,RF,identity_preprocessing,0.0,demographic,majority,POBP,0.028428890117436583,0.049732652981832146,False,False,288,42
acs_income,RF,identity_preprocessing,0.0,demographic,majority,RELP,0.06640732226854834,0.1161709901509234,False,False,288,42
acs_income,RF,identity_preprocessing,0.0,demographic,majority,WKHP,0.10967378949643969,0.19186005826107008,False,False,288,42
acs_income,RF,identity_preprocessing,0.0,demographic,majority,SEX,0.04042435979147944,0.07071717007655214,False,False,288,42
acs_income,RF,identity_preprocessing,0.0,demographic,majority,RAC1P,0.011838366737846554,0.020709685900958924,True,False,288,42
acs_income,RF,identity_preprocessing,0.0,demographic,minority,AGEP,0.06301453828518087,0.11314321365190391,False,False,212,42
acs_income,RF,identity_preprocessing,0.0,demographic,minority,COW,0.016334957992209187,0.029329575244099473,False,False,212,42
acs_income,RF,identity_preprocessing,0.0,demographic,minority,SCHL,0.08960668450888225,0.1608896696845505,False,True,212,42
acs_income,RF,identity_preprocessing,0.0,demographic,minority,MAR,0.02341771656420861,0.042046736841473926,False,False,212,42
acs_income,RF,identity_preprocessing,0.0,demographic,minority,OCCP,0.10572909267785272,0.18983760966293498,False,False,212,42
acs_income,RF,identity_preprocessing,0.0,demographic,minority,POBP,0.02783840510825782,0.04998412592721621,False,False,212,42
acs_income,RF,identity_preprocessing,0.0,demographic,minority,RELP,0.07094171723876132,0.1273765402208102,False,False,212,42
acs_income,RF,identity_preprocessing,0.0,demographic,minority,WKHP,0.10909568593925159,0.19588236046202306,False,False,212,42
acs_income,RF,identity_preprocessing,0.0,demographic,minority,SEX,0.03856016170458157,0.06923514371316818,False,False,212,42
acs_income,RF,identity_preprocessing,0.0,demographic,minority,RAC1P,0.012405961830490524,0.022275024591819483,True,False,212,42
acs_income,RF,reweighing,0.05,global,all,AGEP,0.06688320936401723,0.1195308257235498,False,False,500,42
acs_income,RF,reweighing,0.05,global,all,COW,0.01875660319872443,0.033521003095265414,False,False,500,42
acs_income,RF,reweighing,0.05,global,all,SCHL,0.0913893031865695,0.16332707380617195,False,True,500,42
acs_income,RF,reweighing,0.05,global,all,MAR,0.02273528151888733,0.04063152768611009,False,False,500,42
acs_income,RF,reweighing,0.05,global,all,OCCP,0.10683478799727919,0.1909305870149434,False,False,500,42
acs_income,RF,reweighing,0.05,global,all,POBP,0.0280936424332502,0.05020776230028171,False,False,500,42
acs_income,RF,reweighing,0.05,global,all,RELP,0.06516303626660043,0.11645660556161652,False,False,500,42
acs_income,RF,reweighing,0.05,global,all,WKHP,0.11000126969812134,0.1965895883687839,False,False,500,42
acs_income,RF,reweighing,0.05,global,all,SEX,0.040234096599814154,0.07190466537935278,False,False,500,42
acs_income,RF,reweighing,0.05,global,all,RAC1P,0.009456559682606194,0.016900361063924514,True,False,500,42
acs_income,RF,reweighing,0.05,demographic,majority,AGEP,0.06926130034610077,0.12243622080134431,False,False,288,42
acs_income,RF,reweighing,0.05,demographic,majority,COW,0.02020759805732599,0.03572185225007646,False,False,288,42
acs_income,RF,reweighing,0.05,demographic,majority,SCHL,0.09330283368124746,0.1649354876230163,False,True,288,42
acs_income,RF,reweighing,0.05,demographic,majority,MAR,0.023100905160968223,0.04083647738153461,False,False,288,42
acs_income,RF,reweighing,0.05,demographic,majority,OCCP,0.10753895700924695,0.1901013036044115,False,False,288,42
acs_income,RF,reweighing,0.05,demographic,majority,POBP,0.027307779640608616,0.04827315284241901,False,False,288,42
acs_income,RF,reweighing,0.05,demographic,majority,RELP,0.06355399226294016,0.1123471634322317,False,False,288,42
acs_income,RF,reweighing,0.05,demographic,majority,WKHP,0.11045241528004876,0.19525155083276105,False,False,288,42
acs_income,RF,reweighing,0.05,demographic,majority,SEX,0.04143923666028541,0.07325394562655652,False,False,288,42
acs_income,RF,reweighing,0.05,demographic,majority,RAC1P,0.009527878111074679,0.01684284560564865,True,False,288,42
acs_income,RF,reweighing,0.05,demographic,minority,AGEP,0.06365259519967742,0.11548009327252351,False,False,212,42
acs_income,RF,reweighing,0.05,demographic,minority,COW,0.016785440371944935,0.030452555998571544,False,False,212,42
acs_income,RF,reweighing,0.05,demographic,minority,SCHL,0.088789790061724,0.16108460630412175,False,True,212,42
acs_income,RF,reweighing,0.05,demographic,minority,MAR,0.02223858525040014,0.040345784659824656,False,False,212,42
acs_income,RF,reweighing,0.05,demographic,minority,OCCP,0.10587818103762506,0.19208678268960877,False,False,212,42
acs_income,RF,reweighing,0.05,demographic,minority,POBP,0.02916122962325385,0.0529050152043431,False,False,212,42
acs_income,RF,reweighing,0.05,demographic,minority,RELP,0.06734890736591258,0.12218603310706089,False,False,212,42
acs_income,RF,reweighing,0.05,demographic,minority,WKHP,0.1093883926811634,0.19845509440935089,False,False,212,42
acs_income,RF,reweighing,0.05,demographic,minority,SEX,0.03859692519690965,0.07002348463231751,False,False,212,42
acs_income,RF,reweighing,0.05,demographic,minority,RAC1P,0.009359674270347134,0.016980549722277513,True,False,212,42
